﻿<?xml version="1.0" encoding="UTF-8" ?>
<widget id="com.hesrongames.jogomemoria" version="1.0.0.0" xmlns="http://www.w3.org/ns/widgets" xmlns:cdv="http://cordova.apache.org/ns/1.0">
	<name>AutoEscola</name>
	<description>JogoDaMemoria</description>
	<author>Hesron Francisco</author>

	<icon src="www/icon-256.png" width="256" height="256" density="xxxhdpi" />
	<icon src="www/icon-128.png" width="128" height="128" density="xhdpi" />

	<preference name="android-targetSdkVersion" value="21" />

	<preference name="orientation" value="default" />
	<preference name="fullscreen" value="true" />
	<preference name="DisallowOverscroll" value="true" />

	<config-file parent="UIStatusBarHidden" platform="ios" target="*-Info.plist"><true/></config-file>
	<config-file parent="UIViewControllerBasedStatusBarAppearance" platform="ios" target="*-Info.plist"><false/></config-file>


	<preference name="deployment-target" value="8.0" />
	<preference name="android-minSdkVersion" value="21" />
	<access origin="*" />

	<plugin name="cordova-custom-config" />
	<plugin name="cordova-plugin-inappbrowser" />
	<plugin name="cordova-plugin-statusbar" />
	<plugin name="cordova-plugin-whitelist" />


	<engine name="ios" />
	<engine name="android" />
</widget>